{"cannyMin": 85, "contourArea": 100, "6_maxarcos": -0.38, "isContourConvex": 1, "rect_p": 35, "5_minarcos": -0.52, "area_relation": 0.3600000000000001, "4_maxarcos": 0.32, "cir_p": 60, "4_minarcos": -0.12000000000000001, "w_h_relation": 0.3600000000000001, "hex_p": 60, "5_maxarcos": -0.08, "6_minarcos": -0.64, "pent_p": 30, "cannyMax": 90}