{"contourArea": 100, "6_maxarcos": -0.3891676469365293, "isContourConvex": 1, "rect_p": 29, "5_minarcos": -0.5471082257821748, "area_relation": 0.6528226897873926, "4_maxarcos": 0.47484659014278185, "cir_p": 74, "4_minarcos": -0.28437575661679226, "w_h_relation": 0.6661669889561849, "hex_p": 68, "cannyMin": 28, "5_maxarcos": -0.06820766054285862, "6_minarcos": -0.640980157797885, "pent_p": 24, "cannyMax": 135}